{"count":1,"self":302.61455359999997,"total":1007.2566373999999,"children":{"InitializeActuators":{"count":6,"self":0.0009998,"total":0.0009998,"children":null},"InitializeSensors":{"count":6,"self":0.0010000999999999999,"total":0.0010000999999999999,"children":null},"AgentSendState":{"count":222251,"self":1.1901078999999999,"total":6.5300385,"children":{"CollectObservations":{"count":266706,"self":1.4740391,"total":1.4740391,"children":null},"WriteActionMask":{"count":266706,"self":0.1685745,"total":0.1685745,"children":null},"RequestDecision":{"count":266706,"self":0.59868369999999993,"total":3.697317,"children":{"AgentInfo.ToProto":{"count":266706,"self":0.6153259,"total":3.0986333,"children":{"GenerateSensorData":{"count":266706,"self":2.4833073999999997,"total":2.4833073999999997,"children":null}}}}}}},"DecideAction":{"count":222251,"self":692.9412608,"total":692.9412454,"children":null},"AgentAct":{"count":222251,"self":5.116318,"total":5.1688046,"children":{"AgentInfo.ToProto":{"count":1830,"self":0.0085538,"total":0.0524865,"children":{"GenerateSensorData":{"count":1830,"self":0.0439327,"total":0.0439327,"children":null}}}}}},"gauges":{"SpherePilotAgent.CumulativeReward":{"count":1830,"max":1431.54175,"min":-1.11424947,"runningAverage":255.8754,"value":55.40345,"weightedAverage":1024.74792}},"metadata":{"timer_format_version":"0.1.0","start_time_seconds":"1634063280","unity_version":"2020.3.9f1","command_line_arguments":"C:\\Program Files\\Unity\\Hub\\Editor\\2020.3.9f1\\Editor\\Unity.exe -projectpath C:\/Users\/Federico\/Desktop\/Federico\/Projects\/AI-rockets -useHub -hubIPC -cloudEnvironment production -hubSessionId 7358e560-2b70-11ec-aebc-137124e5969a","communication_protocol_version":"1.5.0","com.unity.ml-agents_version":"2.0.0-pre.3","scene_name":"","end_time_seconds":"1634064287"}}